feature_index,variable,label,source,itemid,value_source,hourly_coverage,possible_leakage_flag,static_like_flag,clinical_category,physiology_direction_hint
0,chartevents::220045::Heart Rate::valuenum,Heart Rate,chartevents,220045,valuenum,0.62157106,False,False,vital_heart_rate,higher_may_indicate_physiologic_stress
1,chartevents::220210::Respiratory Rate::valuenum,Respiratory Rate,chartevents,220210,valuenum,0.61872405,False,False,vital_respiratory_rate,higher_may_indicate_respiratory_distress
2,chartevents::220277::O2 saturation pulseoxymetry::valuenum,O2 saturation pulseoxymetry,chartevents,220277,valuenum,0.6085723,False,False,vital_oxygen_saturation,lower_may_indicate_worse_oxygenation
3,chartevents::224641::Alarms On::valuenum,Alarms On,chartevents,224641,valuenum,0.16739401,True,False,chart_other,
4,chartevents::224168::Parameters Checked::valuenum,Parameters Checked,chartevents,224168,valuenum,0.16400665,True,False,chart_other,
5,chartevents::220739::GCS - Eye Opening::valuenum,GCS - Eye Opening,chartevents,220739,valuenum,0.17097361,True,False,chart_other,
6,chartevents::223900::GCS - Verbal Response::valuenum,GCS - Verbal Response,chartevents,223900,valuenum,0.17141001,True,False,chart_other,
7,chartevents::223901::GCS - Motor Response::valuenum,GCS - Motor Response,chartevents,223901,valuenum,0.17041771,True,False,chart_other,
8,chartevents::223761::Temperature Fahrenheit::valuenum,Temperature Fahrenheit,chartevents,223761,valuenum,0.16766417,False,False,vital_temperature,
9,chartevents::226253::SpO2 Desat Limit::valuenum,SpO2 Desat Limit,chartevents,226253,valuenum,0.0687448,True,False,chart_other,lower_may_indicate_worse_oxygenation
10,chartevents::220181::Non Invasive Blood Pressure mean::valuenum,Non Invasive Blood Pressure mean,chartevents,220181,valuenum,0.5171498,False,False,vital_blood_pressure,low_or_high_may_indicate_instability
11,chartevents::220179::Non Invasive Blood Pressure systolic::valuenum,Non Invasive Blood Pressure systolic,chartevents,220179,valuenum,0.51686406,False,False,vital_blood_pressure,low_or_high_may_indicate_instability
12,chartevents::220180::Non Invasive Blood Pressure diastolic::valuenum,Non Invasive Blood Pressure diastolic,chartevents,220180,valuenum,0.51679134,False,False,vital_blood_pressure,low_or_high_may_indicate_instability
13,chartevents::224054::Braden Sensory Perception::valuenum,Braden Sensory Perception,chartevents,224054,valuenum,0.09201995,True,False,chart_other,
14,chartevents::224055::Braden Moisture::valuenum,Braden Moisture,chartevents,224055,valuenum,0.09194721,True,False,chart_other,
15,chartevents::224057::Braden Mobility::valuenum,Braden Mobility,chartevents,224057,valuenum,0.09186929,True,False,chart_other,
16,chartevents::224058::Braden Nutrition::valuenum,Braden Nutrition,chartevents,224058,valuenum,0.09185889,True,False,chart_other,
17,chartevents::224056::Braden Activity::valuenum,Braden Activity,chartevents,224056,valuenum,0.09184331,True,False,chart_other,
18,chartevents::224059::Braden Friction/Shear::valuenum,Braden Friction/Shear,chartevents,224059,valuenum,0.091656275,True,False,chart_other,
19,chartevents::228096::Richmond-RAS Scale::valuenum,Richmond-RAS Scale,chartevents,228096,valuenum,0.13289693,True,False,chart_other,
20,labevents::50983::Sodium::valuenum,Sodium,labevents,50983,valuenum,0.06592893,False,False,lab_electrolyte,
21,labevents::50971::Potassium::valuenum,Potassium,labevents,50971,valuenum,0.06592893,False,False,lab_electrolyte,
22,labevents::50902::Chloride::valuenum,Chloride,labevents,50902,valuenum,0.06575748,False,False,lab_electrolyte,
23,labevents::50912::Creatinine::valuenum,Creatinine,labevents,50912,valuenum,0.0633936,False,False,lab_renal,
24,labevents::51006::Urea Nitrogen::valuenum,Urea Nitrogen,labevents,51006,valuenum,0.063196175,False,False,lab_renal,
25,labevents::50931::Glucose::valuenum,Glucose,labevents,50931,valuenum,0.06229738,False,False,lab_metabolic,
26,labevents::50882::Bicarbonate::valuenum,Bicarbonate,labevents,50882,valuenum,0.06268184,False,False,lab_blood_gas_respiration,
27,labevents::50868::Anion Gap::valuenum,Anion Gap,labevents,50868,valuenum,0.062629886,False,False,lab_metabolic,
28,labevents::51221::Hematocrit::valuenum,Hematocrit,labevents,51221,valuenum,0.06032315,False,False,lab_cbc,
29,labevents::51222::Hemoglobin::valuenum,Hemoglobin,labevents,51222,valuenum,0.056468204,False,False,lab_cbc,
30,labevents::51265::Platelet Count::valuenum,Platelet Count,labevents,51265,valuenum,0.05595906,False,False,lab_cbc,
31,labevents::51301::White Blood Cells::valuenum,White Blood Cells,labevents,51301,valuenum,0.055356402,False,False,lab_cbc,
32,labevents::51250::MCV::valuenum,MCV,labevents,51250,valuenum,0.05530445,False,False,lab_other,
33,labevents::51279::Red Blood Cells::valuenum,Red Blood Cells,labevents,51279,valuenum,0.05530445,False,False,lab_other,
34,labevents::51277::RDW::valuenum,RDW,labevents,51277,valuenum,0.055299252,False,False,lab_other,
35,labevents::51249::MCHC::valuenum,MCHC,labevents,51249,valuenum,0.05530445,False,False,lab_other,
36,labevents::51248::MCH::valuenum,MCH,labevents,51248,valuenum,0.055299252,False,False,lab_other,
37,labevents::50960::Magnesium::valuenum,Magnesium,labevents,50960,valuenum,0.06003221,False,False,lab_electrolyte,
38,labevents::50970::Phosphate::valuenum,Phosphate,labevents,50970,valuenum,0.05847361,False,False,lab_blood_gas_respiration,
39,"labevents::50893::Calcium, Total::valuenum","Calcium, Total",labevents,50893,valuenum,0.058385286,False,False,lab_electrolyte,
40,chartevents::227345::Gait/Transferring::valuenum,Gait/Transferring,chartevents,227345,valuenum,0.071955524,True,False,chart_other,
41,chartevents::227344::IV/Saline lock::valuenum,IV/Saline lock,chartevents,227344,valuenum,0.07196592,True,False,chart_other,
42,chartevents::227346::Mental status::valuenum,Mental status,chartevents,227346,valuenum,0.0718776,True,False,chart_other,
43,chartevents::227343::Ambulatory aid::valuenum,Ambulatory aid,chartevents,227343,valuenum,0.071872406,True,False,chart_other,
44,chartevents::227342::Secondary diagnosis::valuenum,Secondary diagnosis,chartevents,227342,valuenum,0.072101,True,False,chart_other,
45,chartevents::228305::ST Segment Monitoring On::valuenum,ST Segment Monitoring On,chartevents,228305,valuenum,0.13439839,True,False,chart_other,
46,chartevents::227341::History of falling (within 3 mnths)::valuenum,History of falling (within 3 mnths),chartevents,227341,valuenum,0.071934745,True,False,chart_other,
47,chartevents::228412::Strength R Arm::valuenum,Strength R Arm,chartevents,228412,valuenum,0.13474646,True,False,chart_other,
48,chartevents::228409::Strength L Arm::valuenum,Strength L Arm,chartevents,228409,valuenum,0.13466334,True,False,chart_other,
49,chartevents::228411::Strength R Leg::valuenum,Strength R Leg,chartevents,228411,valuenum,0.13453865,True,False,chart_other,
50,chartevents::228410::Strength L Leg::valuenum,Strength L Leg,chartevents,228410,valuenum,0.13429967,True,False,chart_other,
51,chartevents::220645::Sodium (serum)::valuenum,Sodium (serum),chartevents,220645,valuenum,0.05678512,False,False,chart_other,
52,chartevents::227442::Potassium (serum)::valuenum,Potassium (serum),chartevents,227442,valuenum,0.05674875,False,False,chart_other,
53,chartevents::220602::Chloride (serum)::valuenum,Chloride (serum),chartevents,220602,valuenum,0.05661887,False,False,chart_other,
54,chartevents::220615::Creatinine (serum)::valuenum,Creatinine (serum),chartevents,220615,valuenum,0.05430694,False,False,chart_other,
55,chartevents::225624::BUN::valuenum,BUN,chartevents,225624,valuenum,0.054182254,False,False,chart_other,
56,chartevents::220621::Glucose (serum)::valuenum,Glucose (serum),chartevents,220621,valuenum,0.053652328,False,False,bedside_glucose,
57,chartevents::227443::HCO3 (serum)::valuenum,HCO3 (serum),chartevents,227443,valuenum,0.05384975,False,False,chart_other,
58,chartevents::227073::Anion gap::valuenum,Anion gap,chartevents,227073,valuenum,0.053813383,False,False,chart_other,
59,chartevents::220545::Hematocrit (serum)::valuenum,Hematocrit (serum),chartevents,220545,valuenum,0.05079489,False,False,chart_other,
60,chartevents::220228::Hemoglobin::valuenum,Hemoglobin,chartevents,220228,valuenum,0.052950956,False,False,chart_other,
61,chartevents::220635::Magnesium::valuenum,Magnesium,chartevents,220635,valuenum,0.052395053,False,False,chart_other,
62,chartevents::225677::Phosphorous::valuenum,Phosphorous,chartevents,225677,valuenum,0.051142976,False,False,chart_other,
63,chartevents::227457::Platelet Count::valuenum,Platelet Count,chartevents,227457,valuenum,0.047075022,False,False,chart_other,
64,chartevents::220546::WBC::valuenum,WBC,chartevents,220546,valuenum,0.046560682,False,False,chart_other,
65,chartevents::225625::Calcium non-ionized::valuenum,Calcium non-ionized,chartevents,225625,valuenum,0.05104946,False,False,chart_other,
66,chartevents::228394::Orientation to Person::valuenum,Orientation to Person,chartevents,228394,valuenum,0.11678616,True,False,chart_other,
67,chartevents::228395::Orientation to Place::valuenum,Orientation to Place,chartevents,228395,valuenum,0.11571072,True,False,chart_other,
68,chartevents::228396::Orientation to Time::valuenum,Orientation to Time,chartevents,228396,valuenum,0.11444826,True,False,chart_other,
69,chartevents::223834::O2 Flow::valuenum,O2 Flow,chartevents,223834,valuenum,0.117232956,False,False,chart_other,
70,chartevents::223791::Pain Level::valuenum,Pain Level,chartevents,223791,valuenum,0.099963635,True,False,chart_other,
71,labevents::51237::INR(PT)::valuenum,INR(PT),labevents,51237,valuenum,0.03706359,False,False,lab_coagulation,
72,labevents::51274::PT::valuenum,PT,labevents,51274,valuenum,0.03706359,False,False,lab_coagulation,
73,labevents::51275::PTT::valuenum,PTT,labevents,51275,valuenum,0.039359935,False,False,lab_coagulation,
74,chartevents::227465::Prothrombin time::valuenum,Prothrombin time,chartevents,227465,valuenum,0.032273483,False,False,chart_other,
75,chartevents::227467::INR::valuenum,INR,chartevents,227467,valuenum,0.03226829,False,False,chart_other,
76,chartevents::227466::PTT::valuenum,PTT,chartevents,227466,valuenum,0.034481503,False,False,chart_other,
77,chartevents::228337::CAM-ICU MS Change::valuenum,CAM-ICU MS Change,chartevents,228337,valuenum,0.044602036,True,False,chart_other,
78,chartevents::227368::20 Gauge Dressing Occlusive::valuenum,20 Gauge Dressing Occlusive,chartevents,227368,valuenum,0.069903366,True,False,chart_other,
79,chartevents::226138::20 Gauge placed in outside facility::valuenum,20 Gauge placed in outside facility,chartevents,226138,valuenum,0.06989297,True,False,chart_other,
80,chartevents::228100::20 Gauge placed in the field::valuenum,20 Gauge placed in the field,chartevents,228100,valuenum,0.06929551,True,False,chart_other,
81,chartevents::224409::Pain Level Response::valuenum,Pain Level Response,chartevents,224409,valuenum,0.056904614,True,False,chart_other,
82,chartevents::225664::Glucose finger stick (range 70-100)::valuenum,Glucose finger stick (range 70-100),chartevents,225664,valuenum,0.05810993,False,False,bedside_glucose,
83,labevents::50813::Lactate::valuenum,Lactate,labevents,50813,valuenum,0.031234413,False,False,lab_metabolic,higher_may_indicate_shock_or_stress
84,chartevents::228236::Insulin pump::valuenum,Insulin pump,chartevents,228236,valuenum,0.024527224,True,False,chart_other,
85,chartevents::227367::18 Gauge Dressing Occlusive::valuenum,18 Gauge Dressing Occlusive,chartevents,227367,valuenum,0.048540108,True,False,chart_other,
86,chartevents::226137::18 Gauge placed in outside facility::valuenum,18 Gauge placed in outside facility,chartevents,226137,valuenum,0.04847257,True,False,chart_other,
87,labevents::50820::pH::valuenum,pH,labevents,50820,valuenum,0.030823981,False,False,lab_blood_gas_respiration,lower_may_indicate_acidosis
88,chartevents::228099::18 Gauge placed in the field::valuenum,18 Gauge placed in the field,chartevents,228099,valuenum,0.048062135,True,False,chart_other,
89,chartevents::227349::High risk (>51) interventions::valuenum,High risk (>51) interventions,chartevents,227349,valuenum,0.026298836,True,False,chart_other,
90,labevents::50802::Base Excess::valuenum,Base Excess,labevents,50802,valuenum,0.027182044,False,False,lab_blood_gas_respiration,
91,labevents::50878::Asparate Aminotransferase (AST)::valuenum,Asparate Aminotransferase (AST),labevents,50878,valuenum,0.018375935,False,False,lab_other,
92,labevents::50821::pO2::valuenum,pO2,labevents,50821,valuenum,0.027171655,False,False,lab_blood_gas_respiration,lower_may_indicate_worse_oxygenation
93,labevents::50861::Alanine Aminotransferase (ALT)::valuenum,Alanine Aminotransferase (ALT),labevents,50861,valuenum,0.018355154,False,False,lab_other,
94,labevents::50804::Calculated Total CO2::valuenum,Calculated Total CO2,labevents,50804,valuenum,0.027150873,False,False,lab_blood_gas_respiration,
95,labevents::50818::pCO2::valuenum,pCO2,labevents,50818,valuenum,0.027150873,False,False,lab_blood_gas_respiration,higher_may_indicate_hypercapnia
96,"labevents::50885::Bilirubin, Total::valuenum","Bilirubin, Total",labevents,50885,valuenum,0.018344764,False,False,lab_liver_protein,
97,chartevents::225103::Intravenous  / IV access prior to admission::valuenum,Intravenous  / IV access prior to admission,chartevents,225103,valuenum,0.020277431,True,False,chart_other,
98,labevents::50863::Alkaline Phosphatase::valuenum,Alkaline Phosphatase,labevents,50863,valuenum,0.018074606,False,False,lab_blood_gas_respiration,
99,chartevents::228648::Home TF::valuenum,Home TF,chartevents,228648,valuenum,0.02102556,True,False,chart_other,
100,chartevents::225668::Lactic Acid::valuenum,Lactic Acid,chartevents,225668,valuenum,0.025519535,False,False,chart_other,
101,chartevents::228649::Pressure Ulcer Present::valuenum,Pressure Ulcer Present,chartevents,228649,valuenum,0.02002286,True,False,chart_other,
102,chartevents::229321::Activity / Mobility (JH-HLM)::valuenum,Activity / Mobility (JH-HLM),chartevents,229321,valuenum,0.09416043,True,False,chart_other,
103,chartevents::220644::ALT::valuenum,ALT,chartevents,220644,valuenum,0.015528887,False,False,chart_other,
104,chartevents::225092::Self ADL::valuenum,Self ADL,chartevents,225092,valuenum,0.01809019,True,False,chart_other,
105,chartevents::220587::AST::valuenum,AST,chartevents,220587,valuenum,0.015523691,False,False,chart_other,
106,chartevents::225690::Total Bilirubin::valuenum,Total Bilirubin,chartevents,225690,valuenum,0.0155340815,False,False,chart_other,
107,chartevents::225612::Alkaline Phosphate::valuenum,Alkaline Phosphate,chartevents,225612,valuenum,0.015269119,False,False,chart_other,
108,chartevents::225094::History of slips / falls::valuenum,History of slips / falls,chartevents,225094,valuenum,0.017627805,True,False,chart_other,
109,labevents::52172::RDW-SD::valuenum,RDW-SD,labevents,52172,valuenum,0.020417705,False,False,lab_other,
110,chartevents::229326::CAM-ICU MS Change::valuenum,CAM-ICU MS Change,chartevents,229326,valuenum,0.025441604,True,False,chart_other,
111,chartevents::225118::Difficulty swallowing::valuenum,Difficulty swallowing,chartevents,225118,valuenum,0.01650561,True,False,chart_other,
112,chartevents::225113::Currently experiencing pain::valuenum,Currently experiencing pain,chartevents,225113,valuenum,0.016277015,True,False,chart_other,
113,chartevents::225087::Visual / hearing deficit::valuenum,Visual / hearing deficit,chartevents,225087,valuenum,0.01597049,True,False,chart_other,
114,chartevents::225106::ETOH::valuenum,ETOH,chartevents,225106,valuenum,0.015913341,True,False,chart_other,
115,chartevents::229323::Current Dyspnea Assessment::valuenum,Current Dyspnea Assessment,chartevents,229323,valuenum,0.03287614,True,False,chart_other,
116,chartevents::225126::Dialysis patient::valuenum,Dialysis patient,chartevents,225126,valuenum,0.014967789,True,False,chart_other,
117,chartevents::225110::Recreational drug use::valuenum,Recreational drug use,chartevents,225110,valuenum,0.014635287,True,False,chart_other,
118,chartevents::225074::Any fear in relationships::valuenum,Any fear in relationships,chartevents,225074,valuenum,0.014500208,True,False,chart_other,
119,chartevents::225122::Special diet::valuenum,Special diet,chartevents,225122,valuenum,0.013975478,True,False,chart_other,
120,chartevents::225184::Eye Care::valuenum,Eye Care,chartevents,225184,valuenum,0.01656276,True,False,chart_other,
121,labevents::51146::Basophils::valuenum,Basophils,labevents,51146,valuenum,0.011086866,False,False,lab_blood_gas_respiration,
122,labevents::51200::Eosinophils::valuenum,Eosinophils,labevents,51200,valuenum,0.011086866,False,False,lab_blood_gas_respiration,
123,labevents::51244::Lymphocytes::valuenum,Lymphocytes,labevents,51244,valuenum,0.011086866,False,False,lab_blood_gas_respiration,
124,labevents::51254::Monocytes::valuenum,Monocytes,labevents,51254,valuenum,0.011086866,False,False,lab_other,
125,labevents::51256::Neutrophils::valuenum,Neutrophils,labevents,51256,valuenum,0.011086866,False,False,lab_blood_gas_respiration,
126,chartevents::225078::Social work consult::valuenum,Social work consult,chartevents,225078,valuenum,0.013066293,True,False,chart_other,
127,chartevents::223835::Inspired O2 Fraction::valuenum,Inspired O2 Fraction,chartevents,223835,valuenum,0.034891937,True,False,chart_other,
128,chartevents::225076::Emotional / physical / sexual harm by partner or close relation::valuenum,Emotional / physical / sexual harm by partner or close relation,chartevents,225076,valuenum,0.013201372,True,False,chart_other,
129,chartevents::226180::Sexuality / reproductive problems::valuenum,Sexuality / reproductive problems,chartevents,226180,valuenum,0.012609102,True,False,chart_other,
130,chartevents::225067::Is the spokesperson the Health Care Proxy::valuenum,Is the spokesperson the Health Care Proxy,chartevents,225067,valuenum,0.012416874,True,False,chart_other,
131,labevents::50954::Lactate Dehydrogenase (LD)::valuenum,Lactate Dehydrogenase (LD),labevents,50954,valuenum,0.010567332,False,False,lab_metabolic,higher_may_indicate_shock_or_stress
132,chartevents::227429::Troponin-T::valuenum,Troponin-T,chartevents,227429,valuenum,0.011627182,False,False,chart_other,
133,labevents::50862::Albumin::valuenum,Albumin,labevents,50862,valuenum,0.009206152,False,False,lab_liver_protein,
134,chartevents::225639::Differential-Basos::valuenum,Differential-Basos,chartevents,225639,valuenum,0.008899626,False,False,chart_other,
135,chartevents::225640::Differential-Eos::valuenum,Differential-Eos,chartevents,225640,valuenum,0.008899626,False,False,chart_other,
136,chartevents::225641::Differential-Lymphs::valuenum,Differential-Lymphs,chartevents,225641,valuenum,0.008899626,False,False,chart_other,
137,chartevents::225642::Differential-Monos::valuenum,Differential-Monos,chartevents,225642,valuenum,0.008899626,False,False,chart_other,
138,chartevents::225643::Differential-Neuts::valuenum,Differential-Neuts,chartevents,225643,valuenum,0.008899626,False,False,chart_other,
139,chartevents::220632::LDH::valuenum,LDH,chartevents,220632,valuenum,0.009336035,False,False,chart_other,
140,"labevents::50911::Creatine Kinase, MB Isoenzyme::valuenum","Creatine Kinase, MB Isoenzyme",labevents,50911,valuenum,0.011996051,False,False,lab_other,
141,labevents::50808::Free Calcium::valuenum,Free Calcium,labevents,50808,valuenum,0.0130766835,False,False,lab_electrolyte,
142,chartevents::227369::22 Gauge Dressing Occlusive::valuenum,22 Gauge Dressing Occlusive,chartevents,227369,valuenum,0.022916667,True,False,chart_other,
143,chartevents::226139::22 Gauge placed in outside facility::valuenum,22 Gauge placed in outside facility,chartevents,226139,valuenum,0.022817954,True,False,chart_other,
144,labevents::51491::pH::valuenum,pH,labevents,51491,valuenum,0.008125519,False,False,lab_blood_gas_respiration,lower_may_indicate_acidosis
145,chartevents::228101::22 Gauge placed in the field::valuenum,22 Gauge placed in the field,chartevents,228101,valuenum,0.022682875,True,False,chart_other,
146,chartevents::227445::CK-MB::valuenum,CK-MB,chartevents,227445,valuenum,0.01062448,False,False,chart_other,
147,chartevents::223830::PH (Arterial)::valuenum,PH (Arterial),chartevents,223830,valuenum,0.01256754,False,False,chart_other,lower_may_indicate_acidosis
148,labevents::51498::Specific Gravity::valuenum,Specific Gravity,labevents,51498,valuenum,0.007782627,True,False,lab_other,
149,labevents::50910::Creatine Kinase (CK)::valuenum,Creatine Kinase (CK),labevents,50910,valuenum,0.00994389,False,False,lab_other,
150,chartevents::220224::Arterial O2 pressure::valuenum,Arterial O2 pressure,chartevents,220224,valuenum,0.012105154,False,False,chart_other,
151,chartevents::220235::Arterial CO2 Pressure::valuenum,Arterial CO2 Pressure,chartevents,220235,valuenum,0.012105154,False,False,chart_other,
152,chartevents::224828::Arterial Base Excess::valuenum,Arterial Base Excess,chartevents,224828,valuenum,0.012105154,False,False,chart_other,
153,chartevents::225698::TCO2 (calc) Arterial::valuenum,TCO2 (calc) Arterial,chartevents,225698,valuenum,0.012099958,False,False,chart_other,
154,chartevents::220052::Arterial Blood Pressure mean::valuenum,Arterial Blood Pressure mean,chartevents,220052,valuenum,0.09560474,False,False,vital_blood_pressure,low_or_high_may_indicate_instability
155,chartevents::228334::CAM-ICU Altered LOC::valuenum,CAM-ICU Altered LOC,chartevents,228334,valuenum,0.011892145,True,False,chart_other,
156,chartevents::220050::Arterial Blood Pressure systolic::valuenum,Arterial Blood Pressure systolic,chartevents,220050,valuenum,0.094903365,False,False,vital_blood_pressure,low_or_high_may_indicate_instability
157,chartevents::220051::Arterial Blood Pressure diastolic::valuenum,Arterial Blood Pressure diastolic,chartevents,220051,valuenum,0.09489817,False,False,vital_blood_pressure,low_or_high_may_indicate_instability
158,chartevents::227456::Albumin::valuenum,Albumin,chartevents,227456,valuenum,0.0074812965,False,False,chart_other,
159,chartevents::225667::Ionized Calcium::valuenum,Ionized Calcium,chartevents,225667,valuenum,0.010780341,False,False,chart_other,
160,chartevents::225188::Cough/Deep Breath::valuenum,Cough/Deep Breath,chartevents,225188,valuenum,0.026392352,True,False,chart_other,
161,chartevents::225634::CK (CPK)::valuenum,CK (CPK),chartevents,225634,valuenum,0.008624272,False,False,chart_other,
162,chartevents::220274::PH (Venous)::valuenum,PH (Venous),chartevents,220274,valuenum,0.008904821,False,False,chart_other,lower_may_indicate_acidosis
163,chartevents::224564::Impaired Skin Odor #1::valuenum,Impaired Skin Odor #1,chartevents,224564,valuenum,0.016069202,True,False,chart_other,
164,labevents::51003::Troponin T::valuenum,Troponin T,labevents,51003,valuenum,0.009829593,False,False,lab_other,
165,labevents::50817::Oxygen Saturation::valuenum,Oxygen Saturation,labevents,50817,valuenum,0.013424772,False,False,lab_blood_gas_respiration,lower_may_indicate_worse_oxygenation
166,chartevents::227293::Multi Lumen Dressing Occlusive::valuenum,Multi Lumen Dressing Occlusive,chartevents,227293,valuenum,0.020589152,True,False,chart_other,
167,chartevents::226113::Multi Lumen placed in outside facility::valuenum,Multi Lumen placed in outside facility,chartevents,226113,valuenum,0.020235868,True,False,chart_other,
168,chartevents::227292::Arterial Line Dressing Occlusive::valuenum,Arterial Line Dressing Occlusive,chartevents,227292,valuenum,0.01949813,True,False,chart_other,
169,chartevents::229369::Acuity Workload Question 1::valuenum,Acuity Workload Question 1,chartevents,229369,valuenum,0.010795927,True,False,chart_other,
170,chartevents::229370::Acuity Workload Question 2::valuenum,Acuity Workload Question 2,chartevents,229370,valuenum,0.010795927,True,False,chart_other,
171,chartevents::226107::Arterial Line placed in outside facility::valuenum,Arterial Line placed in outside facility,chartevents,226107,valuenum,0.019316293,True,False,chart_other,
172,chartevents::220734::PH (dipstick)::valuenum,PH (dipstick),chartevents,220734,valuenum,0.0061201164,True,False,chart_other,lower_may_indicate_acidosis
173,chartevents::228336::CAM-ICU Inattention::valuenum,CAM-ICU Inattention,chartevents,228336,valuenum,0.009419161,True,False,chart_other,
174,chartevents::227471::Specific Gravity (urine)::valuenum,Specific Gravity (urine),chartevents,227471,valuenum,0.005907107,True,False,chart_other,
175,chartevents::225133::Discharge needs::valuenum,Discharge needs,chartevents,225133,valuenum,0.0074501247,True,False,chart_other,
176,chartevents::225210::Arterial Line Zero/Calibrate::valuenum,Arterial Line Zero/Calibrate,chartevents,225210,valuenum,0.009793226,True,False,chart_other,
177,chartevents::223679::TCO2 (calc) Venous::valuenum,TCO2 (calc) Venous,chartevents,223679,valuenum,0.007257897,False,False,chart_other,
178,chartevents::226062::Venous CO2 Pressure::valuenum,Venous CO2 Pressure,chartevents,226062,valuenum,0.007257897,False,False,chart_other,
179,chartevents::226063::Venous O2 Pressure::valuenum,Venous O2 Pressure,chartevents,226063,valuenum,0.0072527016,False,False,chart_other,
180,chartevents::225813::Baseline pain level::valuenum,Baseline pain level,chartevents,225813,valuenum,0.0073566083,True,False,chart_other,
181,labevents::51516::WBC::valuenum,WBC,labevents,51516,valuenum,0.0054706982,False,False,lab_cbc,
182,chartevents::227358::PICC Line Dressing Occlusive::valuenum,PICC Line Dressing Occlusive,chartevents,227358,valuenum,0.018807149,True,False,chart_other,
183,labevents::50825::Temperature::valuenum,Temperature,labevents,50825,valuenum,0.0072215297,False,False,lab_other,
184,labevents::51493::RBC::valuenum,RBC,labevents,51493,valuenum,0.0053408146,False,False,lab_other,
185,chartevents::226115::PICC Line placed in outside facility::valuenum,PICC Line placed in outside facility,chartevents,226115,valuenum,0.017482337,True,False,chart_other,
186,labevents::51476::Epithelial Cells::valuenum,Epithelial Cells,labevents,51476,valuenum,0.0049147964,True,False,lab_other,
187,chartevents::229325::CAM-ICU Inattention::valuenum,CAM-ICU Inattention,chartevents,229325,valuenum,0.00761118,True,False,chart_other,
188,chartevents::220074::Central Venous Pressure::valuenum,Central Venous Pressure,chartevents,220074,valuenum,0.037842892,True,False,chart_other,
189,labevents::50934::H::valuenum,H,labevents,50934,valuenum,0.008094347,True,False,lab_other,
190,labevents::50947::I::valuenum,I,labevents,50947,valuenum,0.008094347,True,False,lab_other,
191,labevents::51678::L::valuenum,L,labevents,51678,valuenum,0.008094347,True,False,lab_other,
192,labevents::51492::Protein::valuenum,Protein,labevents,51492,valuenum,0.004410848,False,False,lab_other,
193,"labevents::50822::Potassium, Whole Blood::valuenum","Potassium, Whole Blood",labevents,50822,valuenum,0.0066188695,False,False,lab_electrolyte,
194,"labevents::50810::Hematocrit, Calculated::valuenum","Hematocrit, Calculated",labevents,50810,valuenum,0.008790524,False,False,lab_cbc,
195,labevents::50811::Hemoglobin::valuenum,Hemoglobin,labevents,50811,valuenum,0.008790524,False,False,lab_cbc,
196,chartevents::229381::Orientation::valuenum,Orientation,chartevents,229381,valuenum,0.016536783,True,False,chart_other,
197,chartevents::225070::Unable to assess psychological::valuenum,Unable to assess psychological,chartevents,225070,valuenum,0.0052784705,True,False,chart_other,
198,labevents::50809::Glucose::valuenum,Glucose,labevents,50809,valuenum,0.006068163,False,False,lab_metabolic,
199,chartevents::227287::O2 Flow (additional cannula)::valuenum,O2 Flow (additional cannula),chartevents,227287,valuenum,0.010136118,False,False,chart_other,
200,chartevents::226169::Subglottal Suctioning::valuenum,Subglottal Suctioning,chartevents,226169,valuenum,0.008032003,True,False,chart_other,
201,chartevents::225175::See chart for initial patient assessment::valuenum,See chart for initial patient assessment,chartevents,225175,valuenum,0.0048108893,True,False,chart_other,
202,chartevents::225189::Incentive Spirometry::valuenum,Incentive Spirometry,chartevents,225189,valuenum,0.015710723,True,False,chart_other,
203,chartevents::225117::Unable to assess nutrition / education::valuenum,Unable to assess nutrition / education,chartevents,225117,valuenum,0.0044160434,True,False,chart_other,
204,labevents::51009::Vancomycin::valuenum,Vancomycin,labevents,51009,valuenum,0.003465295,True,False,lab_other,
205,chartevents::225129::Unable to assess teaching / learning needs::valuenum,Unable to assess teaching / learning needs,chartevents,225129,valuenum,0.0041095177,True,False,chart_other,
206,labevents::51133::Absolute Lymphocyte Count::valuenum,Absolute Lymphocyte Count,labevents,51133,valuenum,0.0034237322,False,False,lab_blood_gas_respiration,
207,labevents::52069::Absolute Basophil Count::valuenum,Absolute Basophil Count,labevents,52069,valuenum,0.0034237322,False,False,lab_blood_gas_respiration,
208,labevents::52073::Absolute Eosinophil Count::valuenum,Absolute Eosinophil Count,labevents,52073,valuenum,0.0034237322,False,False,lab_blood_gas_respiration,
209,labevents::52074::Absolute Monocyte Count::valuenum,Absolute Monocyte Count,labevents,52074,valuenum,0.0034237322,False,False,lab_other,
210,labevents::52075::Absolute Neutrophil Count::valuenum,Absolute Neutrophil Count,labevents,52075,valuenum,0.0034237322,False,False,lab_blood_gas_respiration,
211,chartevents::227464::Potassium (whole blood)::valuenum,Potassium (whole blood),chartevents,227464,valuenum,0.0044160434,False,False,chart_other,
212,chartevents::226540::Hematocrit (whole blood - calc)::valuenum,Hematocrit (whole blood - calc),chartevents,226540,valuenum,0.0066760182,False,False,chart_other,
213,chartevents::225091::Unable to assess activity / mobility::valuenum,Unable to assess activity / mobility,chartevents,225091,valuenum,0.0039640483,True,False,chart_other,
214,"labevents::51082::Creatinine, Urine::valuenum","Creatinine, Urine",labevents,51082,valuenum,0.0031899419,True,False,lab_renal,
215,chartevents::224562::Impaired Skin Length #1::valuenum,Impaired Skin Length #1,chartevents,224562,valuenum,0.00737739,True,False,chart_other,
216,chartevents::226537::Glucose (whole blood)::valuenum,Glucose (whole blood),chartevents,226537,valuenum,0.004041978,False,False,bedside_glucose,
217,labevents::51144::Bands::valuenum,Bands,labevents,51144,valuenum,0.003325021,False,False,lab_other,
218,chartevents::224923::Impaired Skin Odor #2::valuenum,Impaired Skin Odor #2,chartevents,224923,valuenum,0.0077670407,True,False,chart_other,
219,chartevents::224846::Impaired Skin Width #1::valuenum,Impaired Skin Width #1,chartevents,224846,valuenum,0.007034497,True,False,chart_other,
220,labevents::51143::Atypical Lymphocytes::valuenum,Atypical Lymphocytes,labevents,51143,valuenum,0.0032938486,False,False,lab_blood_gas_respiration,
221,labevents::51251::Metamyelocytes::valuenum,Metamyelocytes,labevents,51251,valuenum,0.0032938486,False,False,lab_other,
222,labevents::51255::Myelocytes::valuenum,Myelocytes,labevents,51255,valuenum,0.0032938486,False,False,lab_other,
223,"labevents::51214::Fibrinogen, Functional::valuenum","Fibrinogen, Functional",labevents,51214,valuenum,0.004093932,False,False,lab_coagulation,
224,"labevents::50824::Sodium, Whole Blood::valuenum","Sodium, Whole Blood",labevents,50824,valuenum,0.004649834,False,False,lab_electrolyte,
225,"labevents::51097::Potassium, Urine::valuenum","Potassium, Urine",labevents,51097,valuenum,0.0030184954,True,False,lab_electrolyte,
226,labevents::51482::Hyaline Casts::valuenum,Hyaline Casts,labevents,51482,valuenum,0.002680798,True,False,lab_other,
227,"labevents::51100::Sodium, Urine::valuenum","Sodium, Urine",labevents,51100,valuenum,0.002815877,True,False,lab_electrolyte,
228,chartevents::225082::Pregnant::valuenum,Pregnant,chartevents,225082,valuenum,0.00361596,False,False,chart_other,
229,chartevents::227468::Fibrinogen::valuenum,Fibrinogen,chartevents,227468,valuenum,0.00353803,False,False,chart_other,
230,chartevents::225638::Differential-Bands::valuenum,Differential-Bands,chartevents,225638,valuenum,0.002815877,False,False,chart_other,
231,chartevents::225637::Differential-Atyps::valuenum,Differential-Atyps,chartevents,225637,valuenum,0.0027847048,False,False,chart_other,
232,chartevents::227350::Cordis/Introducer Dressing Occlusive::valuenum,Cordis/Introducer Dressing Occlusive,chartevents,227350,valuenum,0.00842685,True,False,chart_other,
233,chartevents::225085::Post menopausal::valuenum,Post menopausal,chartevents,225085,valuenum,0.0034289276,False,False,chart_other,
234,"labevents::51078::Chloride, Urine::valuenum","Chloride, Urine",labevents,51078,valuenum,0.0026911886,True,False,lab_electrolyte,
235,chartevents::226109::Cordis/Introducer placed in outside facility::valuenum,Cordis/Introducer placed in outside facility,chartevents,226109,valuenum,0.008156692,True,False,chart_other,
236,chartevents::228723::Pressure ulcer #1- Length::valuenum,Pressure ulcer #1- Length,chartevents,228723,valuenum,0.005735661,True,False,chart_other,
237,chartevents::228620::Pressure Ulcer #1- Width::valuenum,Pressure Ulcer #1- Width,chartevents,228620,valuenum,0.00572527,True,False,chart_other,
238,"labevents::50806::Chloride, Whole Blood::valuenum","Chloride, Whole Blood",labevents,50806,valuenum,0.0037302577,False,False,lab_electrolyte,
239,chartevents::225105::Unable to assess habits::valuenum,Unable to assess habits,chartevents,225105,valuenum,0.0030392767,True,False,chart_other,
240,"labevents::51093::Osmolality, Urine::valuenum","Osmolality, Urine",labevents,51093,valuenum,0.0025716957,True,False,lab_other,
241,chartevents::225674::Mixed Venous O2% Sat::valuenum,Mixed Venous O2% Sat,chartevents,225674,valuenum,0.007559227,True,False,chart_other,
242,chartevents::227366::16 Gauge Dressing Occlusive::valuenum,16 Gauge Dressing Occlusive,chartevents,227366,valuenum,0.006660432,True,False,chart_other,
243,chartevents::225086::Unable to assess cognitive / perceptual::valuenum,Unable to assess cognitive / perceptual,chartevents,225086,valuenum,0.0029301746,True,False,chart_other,
244,chartevents::228098::16 Gauge placed in the field::valuenum,16 Gauge placed in the field,chartevents,228098,valuenum,0.006535744,True,False,chart_other,
245,chartevents::226136::16 Gauge placed in outside facility::valuenum,16 Gauge placed in outside facility,chartevents,226136,valuenum,0.006504572,True,False,chart_other,
246,chartevents::229357::Absolute Count - Neuts::valuenum,Absolute Count - Neuts,chartevents,229357,valuenum,0.00241064,False,False,chart_other,
247,chartevents::229358::Absolute Count - Lymphs::valuenum,Absolute Count - Lymphs,chartevents,229358,valuenum,0.00241064,False,False,chart_other,
248,chartevents::229359::Absolute Count - Monos::valuenum,Absolute Count - Monos,chartevents,229359,valuenum,0.00241064,False,False,chart_other,
249,chartevents::229360::Absolute Count - Eos::valuenum,Absolute Count - Eos,chartevents,229360,valuenum,0.00241064,False,False,chart_other,
250,chartevents::229361::Absolute Count - Basos::valuenum,Absolute Count - Basos,chartevents,229361,valuenum,0.00241064,False,False,chart_other,
251,chartevents::225206::Multi Lumen Zero/Calibrate::valuenum,Multi Lumen Zero/Calibrate,chartevents,225206,valuenum,0.0034964671,True,False,chart_other,
252,labevents::50956::Lipase::valuenum,Lipase,labevents,50956,valuenum,0.0024262262,False,False,lab_other,
253,chartevents::220059::Pulmonary Artery Pressure systolic::valuenum,Pulmonary Artery Pressure systolic,chartevents,220059,valuenum,0.015087281,True,False,chart_other,
254,chartevents::220060::Pulmonary Artery Pressure diastolic::valuenum,Pulmonary Artery Pressure diastolic,chartevents,220060,valuenum,0.015097672,True,False,chart_other,
255,chartevents::220061::Pulmonary Artery Pressure mean::valuenum,Pulmonary Artery Pressure mean,chartevents,220061,valuenum,0.013279302,True,False,chart_other,
256,chartevents::227351::PA Catheter Dressing Occlusive::valuenum,PA Catheter Dressing Occlusive,chartevents,227351,valuenum,0.0074968827,True,False,chart_other,
257,chartevents::224329::PCA lockout (min)::valuenum,PCA lockout (min),chartevents,224329,valuenum,0.01189734,True,False,chart_other,
258,chartevents::224328::PCA dose::valuenum,PCA dose,chartevents,224328,valuenum,0.01188695,True,False,chart_other,
259,chartevents::224330::PCA 1 hour limit::valuenum,PCA 1 hour limit,chartevents,224330,valuenum,0.011757066,True,False,chart_other,
260,labevents::50993::Thyroid Stimulating Hormone::valuenum,Thyroid Stimulating Hormone,labevents,50993,valuenum,0.0020729427,False,False,lab_other,
261,chartevents::226114::PA Catheter placed in outside facility::valuenum,PA Catheter placed in outside facility,chartevents,226114,valuenum,0.0072630923,True,False,chart_other,
262,chartevents::223762::Temperature Celsius::valuenum,Temperature Celsius,chartevents,223762,valuenum,0.027971737,False,False,vital_temperature,
263,labevents::52135::Immature Granulocytes::valuenum,Immature Granulocytes,labevents,52135,valuenum,0.0021768496,False,False,lab_other,
264,chartevents::227801::Stool Guaiac QC::valuenum,Stool Guaiac QC,chartevents,227801,valuenum,0.00241064,True,False,chart_other,
265,"labevents::51104::Urea Nitrogen, Urine::valuenum","Urea Nitrogen, Urine",labevents,51104,valuenum,0.0020365752,True,False,lab_renal,
266,chartevents::220227::Arterial O2 Saturation::valuenum,Arterial O2 Saturation,chartevents,220227,valuenum,0.002618454,False,False,vital_oxygen_saturation,lower_may_indicate_worse_oxygenation
267,chartevents::224663::PCA attempt::valuenum,PCA attempt,chartevents,224663,valuenum,0.008863258,True,False,chart_other,
268,chartevents::224332::PCA inject::valuenum,PCA inject,chartevents,224332,valuenum,0.00888404,True,False,chart_other,
269,chartevents::224665::PCA total dose::valuenum,PCA total dose,chartevents,224665,valuenum,0.00835931,True,False,chart_other,
270,chartevents::225358::PA Catheter Zero/Calibrate::valuenum,PA Catheter Zero/Calibrate,chartevents,225358,valuenum,0.0035276392,True,False,chart_other,
271,chartevents::226185::ICU Consent Signed::valuenum,ICU Consent Signed,chartevents,226185,valuenum,0.0017664173,True,False,chart_other,
272,labevents::50908::CK-MB Index::valuenum,CK-MB Index,labevents,50908,valuenum,0.0025249377,False,False,lab_other,
273,chartevents::225112::Unable to assess pain::valuenum,Unable to assess pain,chartevents,225112,valuenum,0.002244389,True,False,chart_other,
274,chartevents::228773::Pressure ulcer #1- Odor::valuenum,Pressure ulcer #1- Odor,chartevents,228773,valuenum,0.0023482959,True,False,chart_other,
275,labevents::50815::O2 Flow::valuenum,O2 Flow,labevents,50815,valuenum,0.0019482544,False,False,lab_other,
276,chartevents::225672::Lipase::valuenum,Lipase,chartevents,225672,valuenum,0.0018027847,False,False,chart_other,
277,chartevents::226534::Sodium (whole blood)::valuenum,Sodium (whole blood),chartevents,226534,valuenum,0.002530133,False,False,chart_other,
278,chartevents::225628::CK-MB fraction (%)::valuenum,CK-MB fraction (%),chartevents,225628,valuenum,0.0023067333,False,False,chart_other,
279,chartevents::225280::Called Out::valuenum,Called Out,chartevents,225280,valuenum,0.0015845802,True,False,chart_other,
280,chartevents::227455::Vancomycin (Trough)::valuenum,Vancomycin (Trough),chartevents,227455,valuenum,0.001610557,True,False,chart_other,
281,chartevents::225187::Back Care::valuenum,Back Care,chartevents,225187,valuenum,0.004551122,True,False,chart_other,
282,labevents::50816::Oxygen::valuenum,Oxygen,labevents,50816,valuenum,0.0018131754,False,False,lab_blood_gas_respiration,
283,chartevents::224916::Impaired Skin Length #2::valuenum,Impaired Skin Length #2,chartevents,224916,valuenum,0.0038965088,True,False,chart_other,
284,chartevents::225185::Skin Care::valuenum,Skin Care,chartevents,225185,valuenum,0.0044524106,True,False,chart_other,
285,labevents::50963::NTproBNP::valuenum,NTproBNP,labevents,50963,valuenum,0.0014702827,False,False,lab_other,
286,chartevents::227454::Vancomycin (Random)::valuenum,Vancomycin (Random),chartevents,227454,valuenum,0.0015378221,True,False,chart_other,
287,chartevents::229356::Differential - Immature Granulocytes::valuenum,Differential - Immature Granulocytes,chartevents,229356,valuenum,0.0015118454,False,False,chart_other,
288,chartevents::223773::PA Line cm Mark::valuenum,PA Line cm Mark,chartevents,223773,valuenum,0.0044160434,True,False,chart_other,
289,chartevents::224689::Respiratory Rate (spontaneous)::valuenum,Respiratory Rate (spontaneous),chartevents,224689,valuenum,0.0034704905,True,False,vital_respiratory_rate,higher_may_indicate_respiratory_distress
290,chartevents::224951::Impaired Skin Width #2::valuenum,Impaired Skin Width #2,chartevents,224951,valuenum,0.0036834995,True,False,chart_other,
291,chartevents::228343::OCAT - Lips Tongue Gums Palate::valuenum,OCAT - Lips Tongue Gums Palate,chartevents,228343,valuenum,0.0016469243,True,False,chart_other,
292,chartevents::228346::OCAT - Teeth::valuenum,OCAT - Teeth,chartevents,228346,valuenum,0.0016365336,True,False,chart_other,
293,"chartevents::228344::OCAT - Saliva secretions, Voice quality::valuenum","OCAT - Saliva secretions, Voice quality",chartevents,228344,valuenum,0.0016313383,True,False,chart_other,
294,chartevents::228345::OCAT - Swallow::valuenum,OCAT - Swallow,chartevents,228345,valuenum,0.0016313383,True,False,chart_other,
295,chartevents::224690::Respiratory Rate (Total)::valuenum,Respiratory Rate (Total),chartevents,224690,valuenum,0.003356193,True,False,vital_respiratory_rate,higher_may_indicate_respiratory_distress
296,chartevents::224924::Impaired Skin Odor #3::valuenum,Impaired Skin Odor #3,chartevents,224924,valuenum,0.0038341647,True,False,chart_other,
297,chartevents::224366::Epidural Infusion Rate (mL/hr)::valuenum,Epidural Infusion Rate (mL/hr),chartevents,224366,valuenum,0.007366999,True,False,chart_other,
298,labevents::51000::Triglycerides::valuenum,Triglycerides,labevents,51000,valuenum,0.0014183292,False,False,lab_other,
299,labevents::51514::Urobilinogen::valuenum,Urobilinogen,labevents,51514,valuenum,0.0013611803,True,False,lab_other,
300,chartevents::227357::Dialysis Catheter Dressing Occlusive::valuenum,Dialysis Catheter Dressing Occlusive,chartevents,227357,valuenum,0.004483583,True,False,chart_other,
301,chartevents::223873::Paw High::valuenum,Paw High,chartevents,223873,valuenum,0.0031951373,True,False,chart_other,
302,labevents::51484::Ketone::valuenum,Ketone,labevents,51484,valuenum,0.001309227,True,False,lab_other,
303,chartevents::223876::Apnea Interval::valuenum,Apnea Interval,chartevents,223876,valuenum,0.003179551,True,False,chart_other,
304,labevents::50852::% Hemoglobin A1c::valuenum,% Hemoglobin A1c,labevents,50852,valuenum,0.0012832502,False,False,lab_cbc,
305,labevents::51613::eAG::valuenum,eAG,labevents,51613,valuenum,0.0012832502,False,False,lab_other,
306,chartevents::223874::Vti High::valuenum,Vti High,chartevents,223874,valuenum,0.0031535744,True,False,chart_other,
307,chartevents::226536::Chloride (whole blood)::valuenum,Chloride (whole blood),chartevents,226536,valuenum,0.0017248546,False,False,chart_other,
308,labevents::50924::Ferritin::valuenum,Ferritin,labevents,50924,valuenum,0.0012468828,False,False,lab_other,
309,chartevents::223810::Paroxysmal Sweats::valuenum,Paroxysmal Sweats,chartevents,223810,valuenum,0.0044991686,True,False,chart_other,
310,chartevents::223811::Anxiety::valuenum,Anxiety,chartevents,223811,valuenum,0.0044991686,True,False,chart_other,
311,chartevents::223805::Nausea and Vomiting (CIWA)::valuenum,Nausea and Vomiting (CIWA),chartevents,223805,valuenum,0.004483583,True,False,chart_other,
312,chartevents::223817::Agitation::valuenum,Agitation,chartevents,223817,valuenum,0.0044783875,True,False,chart_other,
313,chartevents::223875::Fspn High::valuenum,Fspn High,chartevents,223875,valuenum,0.0029197838,True,False,chart_other,
314,chartevents::223806::Tremor (CIWA)::valuenum,Tremor (CIWA),chartevents,223806,valuenum,0.004483583,True,False,chart_other,
315,chartevents::223814::Auditory Disturbance::valuenum,Auditory Disturbance,chartevents,223814,valuenum,0.004457606,True,False,chart_other,
316,chartevents::223818::Tactile Disturbances::valuenum,Tactile Disturbances,chartevents,223818,valuenum,0.00444202,True,False,chart_other,
317,chartevents::223819::Visual Disturbances::valuenum,Visual Disturbances,chartevents,223819,valuenum,0.00444202,True,False,chart_other,
318,chartevents::223821::Orient/Clouding Sensory::valuenum,Orient/Clouding Sensory,chartevents,223821,valuenum,0.004431629,True,False,chart_other,
319,chartevents::225693::Triglyceride::valuenum,Triglyceride,chartevents,225693,valuenum,0.0012988362,False,False,chart_other,
320,labevents::50935::Haptoglobin::valuenum,Haptoglobin,labevents,50935,valuenum,0.0012624689,False,False,lab_coagulation,
321,chartevents::223820::Headache::valuenum,Headache,chartevents,223820,valuenum,0.0044472152,True,False,chart_other,
322,chartevents::227582::BiPap O2 Flow::valuenum,BiPap O2 Flow,chartevents,227582,valuenum,0.0023119284,True,False,chart_other,
323,"labevents::50964::Osmolality, Measured::valuenum","Osmolality, Measured",labevents,50964,valuenum,0.0021300914,False,False,lab_other,
324,chartevents::227579::BiPap EPAP::valuenum,BiPap EPAP,chartevents,227579,valuenum,0.0022339984,True,False,chart_other,
325,chartevents::226889::Legal Guardian::valuenum,Legal Guardian,chartevents,226889,valuenum,0.0015274314,True,False,chart_other,
326,chartevents::224331::PCA basal rate (mL/hour)::valuenum,PCA basal rate (mL/hour),chartevents,224331,valuenum,0.005886326,True,False,chart_other,
327,chartevents::224738::Inspiratory Time::valuenum,Inspiratory Time,chartevents,224738,valuenum,0.0023482959,True,False,chart_other,
328,chartevents::226118::Dialysis Catheter placed in outside facility::valuenum,Dialysis Catheter placed in outside facility,chartevents,226118,valuenum,0.003751039,True,False,chart_other,
329,chartevents::227360::Indwelling Port (PortaCath) Dressing Occlusive::valuenum,Indwelling Port (PortaCath) Dressing Occlusive,chartevents,227360,valuenum,0.0036783041,True,False,chart_other,
330,labevents::51446::Lymphocytes::valuenum,Lymphocytes,labevents,51446,valuenum,0.0011169992,False,False,lab_blood_gas_respiration,
331,labevents::51450::Monos::valuenum,Monos,labevents,51450,valuenum,0.0011169992,False,False,lab_other,
332,labevents::51455::Polys::valuenum,Polys,labevents,51455,valuenum,0.0011169992,False,False,lab_other,
333,"labevents::52391::Total Nucleated Cells, Pleural::valuenum","Total Nucleated Cells, Pleural",labevents,52391,valuenum,0.0011169992,True,False,lab_other,
334,"labevents::51054::Lactate Dehydrogenase, Pleural::valuenum","Lactate Dehydrogenase, Pleural",labevents,51054,valuenum,0.0011118038,True,False,lab_metabolic,higher_may_indicate_shock_or_stress
335,"labevents::51059::Total Protein, Pleural::valuenum","Total Protein, Pleural",labevents,51059,valuenum,0.0011118038,True,False,lab_other,
336,chartevents::227580::BiPap IPAP::valuenum,BiPap IPAP,chartevents,227580,valuenum,0.0021093101,True,False,chart_other,
337,labevents::50867::Amylase::valuenum,Amylase,labevents,50867,valuenum,0.0012364921,False,False,lab_other,
338,chartevents::223771::PCWP::valuenum,PCWP,chartevents,223771,valuenum,0.002997714,True,False,chart_other,
339,chartevents::228229::PAR-Activity::valuenum,PAR-Activity,chartevents,228229,valuenum,0.0016469243,True,False,chart_other,
340,chartevents::228234::PAR-Respiration::valuenum,PAR-Respiration,chartevents,228234,valuenum,0.0016469243,True,False,chart_other,
341,chartevents::228231::PAR-Consciousness::valuenum,PAR-Consciousness,chartevents,228231,valuenum,0.0016365336,True,False,chart_other,
342,"labevents::50883::Bilirubin, Direct::valuenum","Bilirubin, Direct",labevents,50883,valuenum,0.00120532,False,False,lab_liver_protein,
343,labevents::50952::Iron::valuenum,Iron,labevents,50952,valuenum,0.0010962178,False,False,lab_other,
344,chartevents::228230::PAR-Circulation::valuenum,PAR-Circulation,chartevents,228230,valuenum,0.0016313383,True,False,chart_other,
345,chartevents::228232::PAR-Oxygen saturation::valuenum,PAR-Oxygen saturation,chartevents,228232,valuenum,0.001626143,True,False,vital_oxygen_saturation,lower_may_indicate_worse_oxygenation
346,chartevents::225684::Serum Osmolality::valuenum,Serum Osmolality,chartevents,225684,valuenum,0.0020054032,False,False,chart_other,
347,chartevents::229319::Activity / Mobility (JH-HLM)::valuenum,Activity / Mobility (JH-HLM),chartevents,229319,valuenum,0.006639651,True,False,chart_other,
348,chartevents::227446::Brain Natiuretic Peptide (BNP)::valuenum,Brain Natiuretic Peptide (BNP),chartevents,227446,valuenum,0.001039069,False,False,chart_other,
349,"labevents::50907::Cholesterol, Total::valuenum","Cholesterol, Total",labevents,50907,valuenum,0.001039069,False,False,lab_other,
350,"labevents::50884::Bilirubin, Indirect::valuenum","Bilirubin, Indirect",labevents,50884,valuenum,0.0011118038,False,False,lab_liver_protein,
351,labevents::51257::Nucleated Red Cells::valuenum,Nucleated Red Cells,labevents,51257,valuenum,0.0011014132,False,False,lab_other,
352,"labevents::50953::Iron Binding Capacity, Total::valuenum","Iron Binding Capacity, Total",labevents,50953,valuenum,0.0010182876,False,False,lab_other,
353,labevents::50998::Transferrin::valuenum,Transferrin,labevents,50998,valuenum,0.0010182876,False,False,lab_other,
354,chartevents::220581::Amylase::valuenum,Amylase,chartevents,220581,valuenum,0.0011118038,False,False,chart_other,
355,"labevents::51053::Glucose, Pleural::valuenum","Glucose, Pleural",labevents,51053,valuenum,0.0010027016,True,False,lab_metabolic,
356,chartevents::227516::PO2 (Mixed Venous)::valuenum,PO2 (Mixed Venous),chartevents,227516,valuenum,0.0014754779,True,False,chart_other,lower_may_indicate_worse_oxygenation
357,chartevents::220603::Cholesterol::valuenum,Cholesterol,chartevents,220603,valuenum,0.0009663342,False,False,chart_other,
358,chartevents::224688::Respiratory Rate (Set)::valuenum,Respiratory Rate (Set),chartevents,224688,valuenum,0.002124896,True,False,vital_respiratory_rate,higher_may_indicate_respiratory_distress
359,chartevents::225651::Direct Bilirubin::valuenum,Direct Bilirubin,chartevents,225651,valuenum,0.0010286783,False,False,chart_other,
360,"labevents::50904::Cholesterol, HDL::valuenum","Cholesterol, HDL",labevents,50904,valuenum,0.0009507481,False,False,lab_other,
361,labevents::50903::Cholesterol Ratio (Total/HDL)::valuenum,Cholesterol Ratio (Total/HDL),labevents,50903,valuenum,0.0009455528,False,False,lab_other,
362,chartevents::224563::Impaired Skin Depth #1::valuenum,Impaired Skin Depth #1,chartevents,224563,valuenum,0.0023119284,True,False,chart_other,
363,"labevents::51283::Reticulocyte Count, Automated::valuenum","Reticulocyte Count, Automated",labevents,51283,valuenum,0.00092996674,False,False,lab_other,
364,"labevents::50905::Cholesterol, LDL, Calculated::valuenum","Cholesterol, LDL, Calculated",labevents,50905,valuenum,0.0009247714,False,False,lab_other,
365,chartevents::225312::ART BP Mean::valuenum,ART BP Mean,chartevents,225312,valuenum,0.01091542,False,False,vital_blood_pressure,
366,"labevents::51457::RBC, Pleural::valuenum","RBC, Pleural",labevents,51457,valuenum,0.00093516207,True,False,lab_other,
367,chartevents::223772::SvO2::valuenum,SvO2,chartevents,223772,valuenum,0.0033717789,True,False,chart_other,
368,chartevents::220624::HDL::valuenum,HDL,chartevents,220624,valuenum,0.00090399,False,False,chart_other,
369,chartevents::225309::ART BP Systolic::valuenum,ART BP Systolic,chartevents,225309,valuenum,0.010821903,False,False,vital_blood_pressure,
370,chartevents::225310::ART BP Diastolic::valuenum,ART BP Diastolic,chartevents,225310,valuenum,0.010811513,False,False,vital_blood_pressure,
371,chartevents::228335::CAM-ICU Disorganized thinking::valuenum,CAM-ICU Disorganized thinking,chartevents,228335,valuenum,0.0011118038,True,False,chart_other,
372,chartevents::224309::Assisted Systole::valuenum,Assisted Systole,chartevents,224309,valuenum,0.011996051,True,False,chart_other,
373,chartevents::224310::Augmented Diastole::valuenum,Augmented Diastole,chartevents,224310,valuenum,0.011996051,True,False,chart_other,
374,chartevents::224311::BAEDP::valuenum,BAEDP,chartevents,224311,valuenum,0.011996051,True,False,chart_other,
375,chartevents::224322::IABP Mean::valuenum,IABP Mean,chartevents,224322,valuenum,0.011996051,True,False,vital_blood_pressure,
376,chartevents::224652::Unassisted Systole::valuenum,Unassisted Systole,chartevents,224652,valuenum,0.011783042,True,False,chart_other,
377,chartevents::224654::PAEDP::valuenum,PAEDP,chartevents,224654,valuenum,0.011783042,True,False,chart_other,
378,chartevents::225671::LDL calculated::valuenum,LDL calculated,chartevents,225671,valuenum,0.0008780133,False,False,chart_other,
379,chartevents::225313::Bed Bath::valuenum,Bed Bath,chartevents,225313,valuenum,0.0009715295,True,False,chart_other,
380,chartevents::227439::Indwelling Port (PortaCath) placed in outside facility::valuenum,Indwelling Port (PortaCath) placed in outside facility,chartevents,227439,valuenum,0.0029405653,True,False,chart_other,
381,chartevents::223872::Inspired Gas Temp.::valuenum,Inspired Gas Temp.,chartevents,223872,valuenum,0.0031691603,True,False,chart_other,
382,chartevents::228610::Pressure Ulcer #1- Depth::valuenum,Pressure Ulcer #1- Depth,chartevents,228610,valuenum,0.002078138,True,False,chart_other,
383,chartevents::225342::IABP Zero/Calibrate::valuenum,IABP Zero/Calibrate,chartevents,225342,valuenum,0.002696384,True,False,vital_blood_pressure,
384,chartevents::227355::IABP Dressing Occlusive::valuenum,IABP Dressing Occlusive,chartevents,227355,valuenum,0.0026911886,True,False,vital_blood_pressure,
385,chartevents::225981::IABP Alarms Activated::valuenum,IABP Alarms Activated,chartevents,225981,valuenum,0.0026392352,True,False,vital_blood_pressure,
386,chartevents::226110::IABP placed in outside facility::valuenum,IABP placed in outside facility,chartevents,226110,valuenum,0.0026600165,True,False,vital_blood_pressure,
387,labevents::50909::Cortisol::valuenum,Cortisol,labevents,50909,valuenum,0.0008572319,False,False,lab_other,
388,"labevents::51051::Cholesterol, Pleural::valuenum","Cholesterol, Pleural",labevents,51051,valuenum,0.0008052785,True,False,lab_other,
389,labevents::51447::Macrophages::valuenum,Macrophages,labevents,51447,valuenum,0.0008000831,False,False,lab_blood_gas_respiration,
390,"labevents::50976::Protein, Total::valuenum","Protein, Total",labevents,50976,valuenum,0.0008000831,False,False,lab_other,
391,"labevents::51046::Albumin, Pleural::valuenum","Albumin, Pleural",labevents,51046,valuenum,0.0007637157,True,False,lab_liver_protein,
392,chartevents::229324::CAM-ICU Disorganized thinking::valuenum,CAM-ICU Disorganized thinking,chartevents,229324,valuenum,0.0009247714,True,False,chart_other,
393,chartevents::227463::Cortisol::valuenum,Cortisol,chartevents,227463,valuenum,0.00078969245,False,False,chart_other,
394,chartevents::225980::IABP Volume::valuenum,IABP Volume,chartevents,225980,valuenum,0.0023846633,True,False,vital_blood_pressure,
395,chartevents::224917::Impaired Skin Length #3::valuenum,Impaired Skin Length #3,chartevents,224917,valuenum,0.0019690357,True,False,chart_other,
396,chartevents::226871::Expiratory Ratio::valuenum,Expiratory Ratio,chartevents,226871,valuenum,0.0014806733,True,False,chart_other,
397,chartevents::226873::Inspiratory Ratio::valuenum,Inspiratory Ratio,chartevents,226873,valuenum,0.0014702827,True,False,chart_other,
398,labevents::51478::Glucose::valuenum,Glucose,labevents,51478,valuenum,0.00073773897,False,False,lab_metabolic,
399,chartevents::220650::Total Protein::valuenum,Total Protein,chartevents,220650,valuenum,0.00073254365,False,False,chart_other,
400,chartevents::224952::Impaired Skin Width #3::valuenum,Impaired Skin Width #3,chartevents,224952,valuenum,0.0018703241,True,False,chart_other,
401,labevents::51007::Uric Acid::valuenum,Uric Acid,labevents,51007,valuenum,0.0009559435,False,False,lab_other,
402,chartevents::225192::Collar Care::valuenum,Collar Care,chartevents,225192,valuenum,0.0008676226,True,False,chart_other,
403,chartevents::224417::Cuff Pressure::valuenum,Cuff Pressure,chartevents,224417,valuenum,0.00093516207,True,False,chart_other,
404,labevents::50831::pH::valuenum,pH,labevents,50831,valuenum,0.0006598088,False,False,lab_blood_gas_respiration,lower_may_indicate_acidosis
405,labevents::50967::Phenytoin::valuenum,Phenytoin,labevents,50967,valuenum,0.0007169576,True,False,lab_blood_gas_respiration,
406,chartevents::228621::Pressure Ulcer #2- Width::valuenum,Pressure Ulcer #2- Width,chartevents,228621,valuenum,0.0013144222,True,False,chart_other,
407,chartevents::224925::Impaired Skin Odor #4::valuenum,Impaired Skin Odor #4,chartevents,224925,valuenum,0.0016313383,True,False,chart_other,
408,chartevents::228724::Pressure ulcer #2- Length::valuenum,Pressure ulcer #2- Length,chartevents,228724,valuenum,0.0012884456,True,False,chart_other,
409,chartevents::226473::Blood Transfusion Consent::valuenum,Blood Transfusion Consent,chartevents,226473,valuenum,0.0006078554,True,False,chart_other,
410,chartevents::228233::PAR-Remain sedated::valuenum,PAR-Remain sedated,chartevents,228233,valuenum,0.00072215294,True,False,chart_other,
411,labevents::50986::tacroFK::valuenum,tacroFK,labevents,50986,valuenum,0.0006598088,True,False,lab_other,
412,chartevents::228137::CHG Bath::valuenum,CHG Bath,chartevents,228137,valuenum,0.00063902745,True,False,chart_other,
413,labevents::51448::Mesothelial Cells::valuenum,Mesothelial Cells,labevents,51448,valuenum,0.00058707397,False,False,lab_other,
414,chartevents::224701::PSV Level::valuenum,PSV Level,chartevents,224701,valuenum,0.0013715711,True,False,chart_other,
415,chartevents::225695::Uric Acid::valuenum,Uric Acid,chartevents,225695,valuenum,0.00076891104,False,False,chart_other,
416,labevents::50801::Alveolar-arterial Gradient::valuenum,Alveolar-arterial Gradient,labevents,50801,valuenum,0.0006598088,False,False,lab_other,
417,labevents::50823::Required O2::valuenum,Required O2,labevents,50823,valuenum,0.0006598088,False,False,lab_other,
418,chartevents::226457::Ultrafiltrate Output::valuenum,Ultrafiltrate Output,chartevents,226457,valuenum,0.006525353,True,False,chart_other,
419,chartevents::224169::MDI #1 Puff::valuenum,MDI #1 Puff,chartevents,224169,valuenum,0.00068059016,False,False,chart_other,
420,chartevents::227461::Phenytoin (Dilantin)::valuenum,Phenytoin (Dilantin),chartevents,227461,valuenum,0.00063383207,True,False,chart_other,
421,chartevents::224751::Temporary Pacemaker Rate::valuenum,Temporary Pacemaker Rate,chartevents,224751,valuenum,0.0017352452,True,False,chart_other,
422,labevents::51479::Granular Casts::valuenum,Granular Casts,labevents,51479,valuenum,0.00053512055,True,False,lab_other,
423,labevents::50889::C-Reactive Protein::valuenum,C-Reactive Protein,labevents,50889,valuenum,0.00053512055,False,False,lab_other,
424,chartevents::224410::PCA bolus::valuenum,PCA bolus,chartevents,224410,valuenum,0.0014443059,True,False,chart_other,
425,chartevents::227462::FK506::valuenum,FK506,chartevents,227462,valuenum,0.00058707397,True,False,chart_other,
426,chartevents::227686::Central Venous O2% Sat::valuenum,Central Venous O2% Sat,chartevents,227686,valuenum,0.00058707397,True,False,chart_other,
427,chartevents::225729::Multi Lumen Line Tip Cultured::valuenum,Multi Lumen Line Tip Cultured,chartevents,225729,valuenum,0.000753325,True,False,chart_other,
428,chartevents::224411::Epidural Bolus (mL)::valuenum,Epidural Bolus (mL),chartevents,224411,valuenum,0.0015689941,True,False,chart_other,
429,labevents::50917::Digoxin::valuenum,Digoxin,labevents,50917,valuenum,0.00051433913,True,False,lab_other,
430,chartevents::226499::Hemodialysis Output::valuenum,Hemodialysis Output,chartevents,226499,valuenum,0.0004727764,True,False,chart_other,
431,chartevents::225722::Arterial Line Tip Cultured::valuenum,Arterial Line Tip Cultured,chartevents,225722,valuenum,0.0006961762,True,False,chart_other,
432,labevents::51453::Other::valuenum,Other,labevents,51453,valuenum,0.000451995,False,False,lab_other,
433,chartevents::224406::VEN Lumen Volume::valuenum,VEN Lumen Volume,chartevents,224406,valuenum,0.0016365336,True,False,chart_other,
434,chartevents::224404::ART Lumen Volume::valuenum,ART Lumen Volume,chartevents,224404,valuenum,0.0016313383,True,False,chart_other,
435,chartevents::224838::Temporary Ventricular Stim Setting mA::valuenum,Temporary Ventricular Stim Setting mA,chartevents,224838,valuenum,0.0013975478,True,False,chart_other,
436,chartevents::224837::Temporary Ventricular Sens Setting mV::valuenum,Temporary Ventricular Sens Setting mV,chartevents,224837,valuenum,0.0013507897,True,False,chart_other,
437,"labevents::50803::Calculated Bicarbonate, Whole Blood::valuenum","Calculated Bicarbonate, Whole Blood",labevents,50803,valuenum,0.00052992516,False,False,lab_blood_gas_respiration,
438,chartevents::227444::C Reactive Protein (CRP)::valuenum,C Reactive Protein (CRP),chartevents,227444,valuenum,0.00044679968,False,False,chart_other,
439,labevents::51010::Vitamin B12::valuenum,Vitamin B12,labevents,51010,valuenum,0.00043640897,False,False,lab_other,
440,chartevents::224895::Impaired Skin Depth #2::valuenum,Impaired Skin Depth #2,chartevents,224895,valuenum,0.0011845387,True,False,chart_other,
441,chartevents::225732::PICC Line Tip Cultured::valuenum,PICC Line Tip Cultured,chartevents,225732,valuenum,0.00068578555,True,False,chart_other,
442,chartevents::227440::Digoxin::valuenum,Digoxin,chartevents,227440,valuenum,0.000451995,True,False,chart_other,
443,chartevents::227418::Midline Dressing Occlusive::valuenum,Midline Dressing Occlusive,chartevents,227418,valuenum,0.0013507897,True,False,chart_other,
444,"labevents::51282::Reticulocyte Count, Absolute::valuenum","Reticulocyte Count, Absolute",labevents,51282,valuenum,0.0004260183,False,False,lab_other,
445,chartevents::223960::Temporary Venticular Stim Threshold mA::valuenum,Temporary Venticular Stim Threshold mA,chartevents,223960,valuenum,0.0009091854,True,False,chart_other,
446,labevents::51427::Lymphocytes::valuenum,Lymphocytes,labevents,51427,valuenum,0.00041043226,False,False,lab_blood_gas_respiration,
447,labevents::51431::Monos::valuenum,Monos,labevents,51431,valuenum,0.00041043226,False,False,lab_other,
448,labevents::51436::Polys::valuenum,Polys,labevents,51436,valuenum,0.00041043226,False,False,lab_other,
449,chartevents::224144::Blood Flow (ml/min)::valuenum,Blood Flow (ml/min),chartevents,224144,valuenum,0.0058032004,True,False,chart_other,
450,"labevents::51102::Total Protein, Urine::valuenum","Total Protein, Urine",labevents,51102,valuenum,0.00040004155,True,False,lab_other,
451,chartevents::224191::Hourly Patient Fluid Removal::valuenum,Hourly Patient Fluid Removal,chartevents,224191,valuenum,0.0060006236,True,False,chart_other,
452,chartevents::224153::Replacement Rate::valuenum,Replacement Rate,chartevents,224153,valuenum,0.005860349,True,False,chart_other,
453,chartevents::228005::PBP (Prefilter) Replacement Rate::valuenum,PBP (Prefilter) Replacement Rate,chartevents,228005,valuenum,0.005860349,True,False,vital_blood_pressure,
454,chartevents::224149::Access Pressure::valuenum,Access Pressure,chartevents,224149,valuenum,0.0058187866,True,False,chart_other,
455,chartevents::224150::Filter Pressure::valuenum,Filter Pressure,chartevents,224150,valuenum,0.0058187866,True,False,chart_other,
456,chartevents::224151::Effluent Pressure::valuenum,Effluent Pressure,chartevents,224151,valuenum,0.0058187866,True,False,chart_other,
457,chartevents::224152::Return Pressure::valuenum,Return Pressure,chartevents,224152,valuenum,0.005813591,True,False,chart_other,
458,chartevents::227356::Sheath Line Dressing Occlusive::valuenum,Sheath Line Dressing Occlusive,chartevents,227356,valuenum,0.0008208645,True,False,chart_other,
459,chartevents::228774::Pressure ulcer #2- Odor::valuenum,Pressure ulcer #2- Odor,chartevents,228774,valuenum,0.0005507066,True,False,chart_other,
460,labevents::50930::Globulin::valuenum,Globulin,labevents,50930,valuenum,0.00038965087,False,False,lab_other,
461,chartevents::224154::Dialysate Rate::valuenum,Dialysate Rate,chartevents,224154,valuenum,0.0057928097,True,False,chart_other,
462,chartevents::224631::Pressure Ulcer Stage #1::valuenum,Pressure Ulcer Stage #1,chartevents,224631,valuenum,0.0010442643,True,False,chart_other,
463,chartevents::224926::Impaired Skin Odor #5::valuenum,Impaired Skin Odor #5,chartevents,224926,valuenum,0.0010910224,True,False,chart_other,
464,"labevents::50995::Thyroxine (T4), Free::valuenum","Thyroxine (T4), Free",labevents,50995,valuenum,0.00036886949,False,False,lab_other,
465,chartevents::228004::Citrate (ACD-A)::valuenum,Citrate (ACD-A),chartevents,228004,valuenum,0.00534601,True,False,chart_other,
466,chartevents::220765::Intra Cranial Pressure::valuenum,Intra Cranial Pressure,chartevents,220765,valuenum,0.006883832,True,False,chart_other,
467,chartevents::226112::Midline placed in outside facility::valuenum,Midline placed in outside facility,chartevents,226112,valuenum,0.001189734,True,False,chart_other,
468,chartevents::223958::Temporary Venticular Sens Threshold mV::valuenum,Temporary Venticular Sens Threshold mV,chartevents,223958,valuenum,0.00084684126,True,False,chart_other,
469,labevents::50950::Immunoglobulin G::valuenum,Immunoglobulin G,labevents,50950,valuenum,0.0003480881,False,False,lab_other,
470,labevents::51099::Protein/Creatinine Ratio::valuenum,Protein/Creatinine Ratio,labevents,51099,valuenum,0.00034289277,False,False,lab_renal,
471,chartevents::228006::Post Filter Replacement Rate::valuenum,Post Filter Replacement Rate,chartevents,228006,valuenum,0.0049927267,True,False,chart_other,
472,chartevents::224918::Impaired Skin Length #4::valuenum,Impaired Skin Length #4,chartevents,224918,valuenum,0.00081566913,True,False,chart_other,
473,chartevents::226117::Sheath placed in outside facility::valuenum,Sheath placed in outside facility,chartevents,226117,valuenum,0.0007013716,True,False,chart_other,
474,labevents::50994::Thyroxine (T4)::valuenum,Thyroxine (T4),labevents,50994,valuenum,0.00033250207,False,False,lab_other,
475,"labevents::52369::Total Nucleated Cells, Other::valuenum","Total Nucleated Cells, Other",labevents,52369,valuenum,0.00033250207,False,False,lab_other,
476,chartevents::226129::ICP Line placed in outside facility::valuenum,ICP Line placed in outside facility,chartevents,226129,valuenum,0.0014391106,True,False,chart_other,
477,chartevents::227363::ICP Line Dressing Occlusive::valuenum,ICP Line Dressing Occlusive,chartevents,227363,valuenum,0.0014391106,True,False,chart_other,
478,chartevents::224953::Impaired Skin Width #4::valuenum,Impaired Skin Width #4,chartevents,224953,valuenum,0.00074293435,True,False,chart_other,
479,chartevents::225724::Cordis/Introducer Line Tip Cultured::valuenum,Cordis/Introducer Line Tip Cultured,chartevents,225724,valuenum,0.0006078554,True,False,chart_other,
480,chartevents::224145::Heparin Dose (per hour)::valuenum,Heparin Dose (per hour),chartevents,224145,valuenum,0.003901704,True,False,chart_other,
481,chartevents::224691::Flow Rate (L/min)::valuenum,Flow Rate (L/min),chartevents,224691,valuenum,0.0009455528,False,False,chart_other,
482,chartevents::229371::Bladder Scan Estimate::valuenum,Bladder Scan Estimate,chartevents,229371,valuenum,0.00044160432,True,False,chart_other,
483,chartevents::225730::PA Catheter Line Tip Cultured::valuenum,PA Catheter Line Tip Cultured,chartevents,225730,valuenum,0.0005455112,True,False,chart_other,
484,chartevents::224167::Manual Blood Pressure Systolic Left::valuenum,Manual Blood Pressure Systolic Left,chartevents,224167,valuenum,0.00030652535,False,False,vital_blood_pressure,low_or_high_may_indicate_instability
485,chartevents::224643::Manual Blood Pressure Diastolic Left::valuenum,Manual Blood Pressure Diastolic Left,chartevents,224643,valuenum,0.00030652535,False,False,vital_blood_pressure,low_or_high_may_indicate_instability
486,chartevents::227243::Manual Blood Pressure Systolic Right::valuenum,Manual Blood Pressure Systolic Right,chartevents,227243,valuenum,0.00029613468,False,False,vital_blood_pressure,low_or_high_may_indicate_instability
487,chartevents::227242::Manual Blood Pressure Diastolic Right::valuenum,Manual Blood Pressure Diastolic Right,chartevents,227242,valuenum,0.00029093932,False,False,vital_blood_pressure,low_or_high_may_indicate_instability
488,"labevents::51026::Amylase, Body Fluid::valuenum","Amylase, Body Fluid",labevents,51026,valuenum,0.00028574397,True,False,lab_other,
489,chartevents::227066::Cerebral Perfusion Pressure::valuenum,Cerebral Perfusion Pressure,chartevents,227066,valuenum,0.0049147964,True,False,chart_other,
490,labevents::51116::Lymphocytes::valuenum,Lymphocytes,labevents,51116,valuenum,0.00028054861,False,False,lab_blood_gas_respiration,
491,labevents::51120::Monocytes::valuenum,Monocytes,labevents,51120,valuenum,0.00028054861,False,False,lab_other,
492,labevents::51125::Polys::valuenum,Polys,labevents,51125,valuenum,0.00028054861,False,False,lab_other,
493,"labevents::52065::Total Nucleated Cells, Ascites::valuenum","Total Nucleated Cells, Ascites",labevents,52065,valuenum,0.00028054861,True,False,lab_other,
494,chartevents::224367::Epidural Total Dose (mL)::valuenum,Epidural Total Dose (mL),chartevents,224367,valuenum,0.00084684126,True,False,chart_other,
495,chartevents::227802::GI Guaiac QC::valuenum,GI Guaiac QC,chartevents,227802,valuenum,0.00030652535,True,False,chart_other,
496,"labevents::51047::Amylase, Pleural::valuenum","Amylase, Pleural",labevents,51047,valuenum,0.0002753533,True,False,lab_other,
497,labevents::51001::Triiodothyronine (T3)::valuenum,Triiodothyronine (T3),labevents,51001,valuenum,0.0002753533,False,False,lab_other,
498,"labevents::51034::Glucose, Body Fluid::valuenum","Glucose, Body Fluid",labevents,51034,valuenum,0.0002753533,True,False,lab_metabolic,
499,"labevents::51043::Total Protein, Body Fluid::valuenum","Total Protein, Body Fluid",labevents,51043,valuenum,0.0002753533,True,False,lab_other,
500,"labevents::51127::RBC, Ascites::valuenum","RBC, Ascites",labevents,51127,valuenum,0.0002753533,True,False,lab_other,
501,chartevents::224845::Permanent Pacemaker Rate::valuenum,Permanent Pacemaker Rate,chartevents,224845,valuenum,0.00059226935,True,False,chart_other,
502,labevents::50951::Immunoglobulin M::valuenum,Immunoglobulin M,labevents,50951,valuenum,0.0002753533,False,False,lab_other,
503,chartevents::226134::ICP Line Zero/Calibrate::valuenum,ICP Line Zero/Calibrate,chartevents,226134,valuenum,0.00051433913,True,False,chart_other,
504,labevents::51444::Eosinophils::valuenum,Eosinophils,labevents,51444,valuenum,0.00026496258,False,False,lab_blood_gas_respiration,
505,"labevents::51035::LD, Body Fluid::valuenum","LD, Body Fluid",labevents,51035,valuenum,0.00026496258,True,False,lab_other,
506,chartevents::228368::Cardiac Index (CI NICOM)::valuenum,Cardiac Index (CI NICOM),chartevents,228368,valuenum,0.0006598088,True,False,chart_other,
507,chartevents::228622::Pressure Ulcer #3- Width::valuenum,Pressure Ulcer #3- Width,chartevents,228622,valuenum,0.0004831671,True,False,chart_other,
508,chartevents::228725::Pressure ulcer #3- Length::valuenum,Pressure ulcer #3- Length,chartevents,228725,valuenum,0.0004831671,True,False,chart_other,
509,"labevents::51025::Albumin, Body Fluid::valuenum","Albumin, Body Fluid",labevents,51025,valuenum,0.00025976726,True,False,lab_liver_protein,
510,chartevents::228375::Stroke Volume Index (SVI NICOM)::valuenum,Stroke Volume Index (SVI NICOM),chartevents,228375,valuenum,0.00063383207,True,False,chart_other,
511,chartevents::223763::Bladder Pressure::valuenum,Bladder Pressure,chartevents,223763,valuenum,0.00043121364,False,False,chart_other,
512,chartevents::223962::Temporary Pacemaker Wires Venticular::valuenum,Temporary Pacemaker Wires Venticular,chartevents,223962,valuenum,0.0006961762,True,False,chart_other,
513,chartevents::224192::Pulsus Paradoxus::valuenum,Pulsus Paradoxus,chartevents,224192,valuenum,0.00039484623,False,False,chart_other,
514,labevents::50949::Immunoglobulin A::valuenum,Immunoglobulin A,labevents,50949,valuenum,0.00024418122,False,False,lab_other,
515,labevents::50925::Folate::valuenum,Folate,labevents,50925,valuenum,0.00023898587,False,False,lab_other,
516,labevents::51117::Macrophage::valuenum,Macrophage,labevents,51117,valuenum,0.00023898587,False,False,lab_blood_gas_respiration,
517,chartevents::228640::EtCO2::valuenum,EtCO2,chartevents,228640,valuenum,0.00063902745,False,False,chart_other,
518,chartevents::227359::Tunneled (Hickman) Dressing Occlusive::valuenum,Tunneled (Hickman) Dressing Occlusive,chartevents,227359,valuenum,0.00087281794,True,False,chart_other,
519,chartevents::225989::Pericardial Drain Aspiration::valuenum,Pericardial Drain Aspiration,chartevents,225989,valuenum,0.0006078554,True,False,chart_other,
520,labevents::52264::Lymphs::valuenum,Lymphs,labevents,52264,valuenum,0.00022859518,False,False,lab_blood_gas_respiration,
521,labevents::52272::Monocytes::valuenum,Monocytes,labevents,52272,valuenum,0.00022859518,False,False,lab_other,
522,labevents::52281::Polys::valuenum,Polys,labevents,52281,valuenum,0.00022859518,False,False,lab_other,
523,"labevents::52286::Total Nucleated Cells, CSF::valuenum","Total Nucleated Cells, CSF",labevents,52286,valuenum,0.00022859518,True,False,lab_other,
524,chartevents::225990::Pericardial Drain Flush::valuenum,Pericardial Drain Flush,chartevents,225990,valuenum,0.00063383207,True,False,chart_other,
525,chartevents::224927::Impaired Skin Odor #6::valuenum,Impaired Skin Odor #6,chartevents,224927,valuenum,0.00058707397,True,False,chart_other,
526,"labevents::51802::Total Protein, CSF::valuenum","Total Protein, CSF",labevents,51802,valuenum,0.00022339984,True,False,lab_other,
527,labevents::51428::Macrophage::valuenum,Macrophage,labevents,51428,valuenum,0.00021820448,False,False,lab_blood_gas_respiration,
528,"labevents::51422::Hematocrit, Other Fluid::valuenum","Hematocrit, Other Fluid",labevents,51422,valuenum,0.00021820448,False,False,lab_cbc,
529,chartevents::224896::Impaired Skin Depth #3::valuenum,Impaired Skin Depth #3,chartevents,224896,valuenum,0.0005403159,True,False,chart_other,
530,"labevents::52285::RBC, CSF::valuenum","RBC, CSF",labevents,52285,valuenum,0.00021300915,True,False,lab_other,
531,"labevents::51790::Glucose, CSF::valuenum","Glucose, CSF",labevents,51790,valuenum,0.00021300915,True,False,lab_metabolic,
